{
    "filename": "test.mp3",
    "duration": 278.7411804199219,
    "bpm": 124.9632568359375,
    "key": "C",
    "scale": "minor",
    "danceability": 1.3585689067840576,
    "loudness": 0.7785641551017761,
    "mfcc_mean": [
        -686.5796508789062,
        89.7282943725586,
        2.807494640350342,
        34.96805953979492,
        10.959421157836914,
        10.885859489440918,
        2.2044692039489746,
        2.542634963989258,
        -3.7456393241882324,
        -1.3396646976470947,
        -5.447999477386475,
        -3.8760812282562256,
        -7.734556674957275
    ],
    "spectral_centroid_mean": 1714.1219482421875,
    "spectral_contrast_mean": [
        -0.6702778935432434,
        -0.8269392848014832,
        -0.8327559232711792,
        -0.8262677788734436,
        -0.8107094168663025,
        -0.7729257345199585
    ]
}